# key	first_stem	pos	jp	cht
009d7888	yozora_com_404a	19457	%LF静泉女子天文部Ｂ	%LF靜泉女子天文社Ｂ
01184daf	yozora_com_102b	24822	%LFコタロウの声	%LF小太郎的吠叫聲
0313b4ff	yozora_koro_130_ep1	26622	%LFタケムラ	%LF武村
041312eb	yozora_com_101	11636	%LF制服の女の子	%LF身穿校服的女生
05d372fa	yozora_com_000	10092	%LF沙夜	%LF沙夜
07080a86	yozora_hika_108a	18915	%LFむつらぼしの会一同	%LF六連星之會一同
08f6fce5	yozora_com_102a	35265	%LF星野第一の女子Ｃ	%LF星野第一高中女學生Ｃ
097d8a54	yozora_com_403a_A1	25318	%LF美奈子	%LF美奈子
0ba3bd83	yozora_hika_108d	13960	%LF女子校生Ａ	%LF女學生Ａ
0bca0905	yozora_com_103b	45252	%LF不思議な少女	%LF不可思議的少女
0c865eb6	yozora_hika_108a	18355	%LFリポーター	%LF報播員
10ba32aa	yozora_com_102b	9468	%LFチャンプ爺さん	%LFＣｕｍｐ爺爺
14285e95	yozora_hika_108d	9618	%LF通行人Ｂ	%LF路人Ｂ
14ef9c7d	yozora_koro_130_ep1	28406	%LFＡＫＩＴＯ	%LFＡＫＩＴＯ
15773fd9	yozora_hika_108b	10452	%LF百花＠恵風	%LF百花＠恵風
1691bc08	yozora_com_102b	10627	%LF美晴	%LF美晴
16bfa34b	yozora_com_202g	14670	%LFワン吉改めコタロウ	%LF汪吉正名小太郎
18059aec	yozora_com_102	7412	%LF怪しい美人	%LF可疑的美女
193ba55c	yozora_com_303b	11697	%LFひかり・沙夜	%LF光・沙夜
1eae5785	yozora_com_A_103d	12938	%LF豊田	%LF豐田
1fe6a5ec	yozora_com_404a	42623	%LF店長の声	%LF店長的說話聲
20f19084	yozora_hika_108d	28203	%LF謎のギタリスト	%LF神秘吉他手
21b0e455	yozora_hika_105	30259	%LFハーバーくん	%LF哈巴君
230e32cf	yozora_com_103	4830	%LF陣野	%LF陣野
29e0d142	yozora_hika_108d	22182	%LF通行人Ｃ	%LF路人Ｃ
2ba4e685	yozora_saya_102	13493	%LF明光の女子生徒	%LF明光的女學生
2c49db3f	yozora_com_A_103	8741	%LFクラスの男子	%LF班上的男生
2c8c110d	yozora_hika_107	15282	%LF音声	%LF語音
2e163482	yozora_com_302	32649	%LF女の子	%LF女生
2e75ceff	yozora_com_A_103d	30940	%LFニシコー１年女子	%LF天中西一年級女同學
2f940567	yozora_saya_109_ep	23503	%LFむつらぼしの女子	%LF六連星之會的女同學
300618d5	yozora_com_201d	7167	%LFひかりの声	%LF光的說話聲
31dc6c0d	yozora_hika_104b	4244	%LF紳士	%LF紳士
353e7332	yozora_com_102a	1576	%LF星野第一の女子Ｂ	%LF星野第一高中女學生Ｂ
3aaa5964	yozora_koro_130_ep1	26380	%LFまりも	%LF毬藻
3ae40eee	yozora_koro_118	5883	%LF一同	%LF一同
436670a6	yozora_com_000	5393	%LF祖父	%LF祖父
4490db2e	yozora_com_201a	1286	%LF手下Ａ	%LF手下Ａ
46743c41	yozora_com_201	8750	%LF子犬	%LF小狗
46f945d2	yozora_com_201	23946	%LFクラスの女子Ｂ	%LF班上女同學Ｂ
49439408	yozora_hika_102a	454	%LFころな・陽南	%LF可樂娜・陽南
495ec67c	yozora_com_201b	14847	%LF転校生	%LF轉校生
4d0a2e42	yozora_com_103	5358	%LF加納	%LF加納
4ee54c36	yozora_com_201	25561	%LFガキ大将っぽい男子	%LF小鬼頭首領似的男生
4fc5801f	yozora_hika_111_ep	12843	%LF陽太	%LF陽太
4ff82ccd	yozora_com_201d	5213	%LF父さん	%LF爸爸
525ed8a2	yozora_hika_108d	39577	%LF豊田・川中島	%LF豐田・川中島
52e76f32	yozora_com_202a	24994	%LF誰かの声	%LF某人的說話聲
5329efd9	yozora_com_101	11729	%LF柴犬	%LF柴犬
58a0fdfa	yozora_saya_104c	15794	%LF武一の声	%LF武一的說話聲
599987e7	yozora_hika_110e	18973	%LF声	%LF說話聲
5a210d0c	yozora_saya_109_ep	20701	%LFやんちゃな男子	%LF挑皮的男孩子
5d57426e	yozora_hika_106	7450	%LF諸美沢１年男子	%LF諸美澤一年級男同學
5d724ef4	yozora_ori_104c	1389	%LF車内アナウンス	%LF車內廣播
5dce976c	yozora_com_101	17111	%LFコタロウ	%LF小太郎
5e2fa0d7	yozora_hika_108c	3590	%LF沙夜の母	%LF沙夜的媽媽
5f281bcd	yozora_com_000	2399	%LFひかり	%LF光
5f5e0631	yozora_com_B_103	15684	%LF織姫？	%LF織姫？
62c4e312	yozora_koro_128	1668	%LF諸見沢工業の天文部員	%LF諸美澤工業的天文社社員
62d31ca4	yozora_com_101	37032	%LF先生	%LF老師
62d3b8c5	yozora_com_202e	18405	%LFワン吉の声	%LF汪吉的吠叫聲
63238b01	yozora_hika_109e	57293	%LFひかり・沙夜・暁斗	%LF光・沙夜・曉斗
65ed4378	yozora_ori_104a	18334	%LF館長	%LF館長
66896370	yozora_com_404a	29291	%LF一般客Ａ	%LF一般參加者Ａ
675707cc	yozora_com_201d	5052	%LF母さん	%LF媽媽
6ac14a98	yozora_com_A_101d	1551	%LFみんな	%LF大家
6ad9efe5	yozora_koro_130_ep1	26884	%LFいっしー	%LF阿一
6b9c346c	yozora_com_102a	3629	%LF部長	%LF社長
6ef44df8	yozora_hika_104	8458	%LF美晴の声	%LF美晴的說話聲
71b271d5	yozora_hika_102	8186	%LFどこかの文化部の女子Ａ	%LF某個文化社團的女生Ａ
73f80eb9	yozora_hika_102c	9356	%LF星野第一の男子生徒Ａ	%LF星野第一高中男學生Ａ
74959c69	yozora_saya_109_ep	20828	%LF勝ち気な女子	%LF好勝的女孩子
75112350	yozora_hika_108f	9762	%LFまさよし＠西ノ宮	%LF昌好＠西之宮
77197250	yozora_saya_106d	21331	%LF吉岡・豊田・川中島	%LF吉岡・豐田・川中島
7745b1dc	yozora_com_101	25285	%LF店長	%LF店長
77ddce60	yozora_koro_106a	11580	%LF月浦ミコト	%LF月浦美琴
7d497acd	yozora_com_404c	23600	%LF吉岡・加納	%LF吉岡・加納
7df7154e	yozora_com_102	11844	%LF吉岡	%LF吉岡
809c97d7	yozora_hika_109e	27809	%LF父ちゃん	%LF老爸
84450cce	yozora_com_201b	33847	%LF手下たち	%LF手下們
84d2c738	yozora_hika_108b	11284	%LFガッちん＠赤石	%LF阿革＠赤石
84dc2acf	yozora_hika_108d	3887	%LF彗星みたいな少女	%LF彗星一般的少女
88874427	yozora_hika_108b	10851	%LFルミカ＠姫森	%LF露米卡＠姫森
88c73613	yozora_saya_104b	11972	%LFしぃちゃん	%LF詩醬
8b872970	yozora_com_404d_B	9100	%LFひなみん？	%LF陽喃？
8ceb96b6	yozora_com_000	2266	%LF暁斗	%LF曉斗
8d453149	yozora_com_201b	34093	%LF何者か	%LF某人
8de3c8ce	yozora_com_102	9071	%LF全力で怪しい美人	%LF可疑到極點的美女
8efcd1f5	yozora_hika_109	11523	%LFひかり＠むつらぼし	%LF光＠六連星
8f3f15cd	yozora_hika_108d	9511	%LF通行人Ａ	%LF路人Ａ
90b4f6db	yozora_hika_108d	14660	%LF女子校生Ｂ	%LF女學生Ｂ
93631eb7	yozora_com_202	23341	%LF暁斗・ひかり	%LF暁斗・光
94d4c357	yozora_com_404d_A	18474	%LF　	%LF　
94fdcdc6	yozora_com_301	5430	%LFコマ子	%LF千千子
96066047	yozora_com_102a	10254	%LF武一	%LF武一
9b8a33d0	yozora_com_404a	19318	%LF静泉女子天文部Ａ	%LF靜泉女子天文社Ａ
9d706542	yozora_com_102b	4580	%LFコマ子さん	%LF千千子小姐
9e3cd5dd	yozora_com_102	19908	%LF織姫	%LF織姫
a4987333	yozora_com_103	4305	%LF田尻	%LF田尻
a4dd46d6	yozora_com_201b	51222	%LFワン吉	%LF汪吉
a6c7dab2	yozora_hika_107c	31933	%LF係員	%LF職員
a798c7c8	yozora_hika_109e	21851	%LF静泉女子天文部	%LF靜泉女子高中天文社
abc68248	yozora_hika_108f	10139	%LF吉岡＠むつらぼし	%LF吉岡＠六連星
ada77011	yozora_com_402b	4468	%LFニシコーの部員	%LF天中西的社員
ae29386a	yozora_com_102a	842	%LF星野第一の女子Ａ	%LF星野第一高中女學生Ａ
b04e7479	yozora_saya_106e	22653	%LF暁斗・沙夜	%LF曉斗・沙夜
b4fef29d	yozora_com_202b	11084	%LFちっこい女の子	%LF小不點的女孩
b5005ae7	yozora_hika_108d	22293	%LF通行人Ｄ	%LF路人Ｄ
b6d45a85	yozora_com_401b	16143	%LF女子生徒の声	%LF女學生們的說話聲
b7956c89	yozora_com_404	46908	%LF諸美沢の部員	%LF諸美澤的社員
bbab8aaa	yozora_com_A_103e	18126	%LFコメットガール？	%LF彗星女孩？
bea93bbb	yozora_hika_102a	2528	%LF通りがかりのおじさん	%LF路過的大叔
c2e92707	yozora_com_A_103	9537	%LF陽南	%LF陽南
c42d1e10	yozora_com_101	10858	%LF犬の鳴き声	%LF狗吠聲
cd86fa9d	yozora_com_202a	4480	%LFタロウ	%LF太郎
cf4d4892	yozora_koro_106a	10482	%LFナレーション	%LF旁白
d0bac6fc	yozora_hika_104a	779	%LF商店会の会長さん	%LF商店街的會長先生
d190e8a3	yozora_com_404c	1667	%LF犬	%LF犬
d1f68a7e	yozora_hika_108a	10665	%LFテレビ局の人	%LF電視台職員
d2f9fc4b	yozora_hika_108d	4817	%LF子供	%LF小孩子
d5527d48	yozora_hika_111_ep	15005	%LF月乃	%LF月乃
d7206335	yozora_hika_108b	295	%LFテレビ	%LF電視機
db4258bb	yozora_hika_104b	6726	%LF森田	%LF森田
dc5bfad8	yozora_com_202g	13393	%LFワン吉？	%LF汪吉？
ddacc717	yozora_com_404b	19341	%LF何者かの声	%LF某人的說話聲
ddbaade2	yozora_hika_105a	9479	%LF場内ナレーション	%LF館內廣播
ddee0e8a	yozora_com_201	23813	%LFクラスの女子Ａ	%LF班上女同學Ａ
de5c72d7	yozora_com_A_103d	14581	%LF川中島	%LF川中島
df879076	yozora_com_201a	1433	%LF手下Ｂ	%LF手下Ｂ
dfca00d5	yozora_saya_103a	6213	%LF真辺	%LF真邊
e044cd92	yozora_com_202b	18981	%LFころな	%LF可樂娜
e4e1cfe2	yozora_hika_109e	30450	%LFアナウンス	%LF廣播
e8ef45e1	yozora_hika_102c	9491	%LF星野第一の男子生徒Ｂ	%LF星野第一高中男學生Ｂ
eaa53a8d	yozora_hika_102	8287	%LFどこかの文化部の女子Ｂ	%LF某個文化社團的女生Ｂ
ec7fbe7c	yozora_com_303b	3409	%LF沙夜の声	%LF沙夜的聲線
ed3c3592	yozora_com_202a	1230	%LFおばちゃん	%LF嬸嬸
efdf73a9	yozora_koro_109	13209	%LFころなのお母さん	%LF可樂娜的媽媽
f9d9815e	yozora_hika_108b	11681	%LFひかり＠アマコー	%LF光＠天中高
f9f9ddeb	yozora_com_102b	33398	%LF見知らぬ女の子	%LF不曾見過的女生
fa53978f	yozora_saya_104b	7125	%LF静泉女子天文部部長さん	%LF靜泉女子天文社社長同學
fac657c2	yozora_hika_109b	5257	%LFラジオ	%LF電台
fcea86f1	yozora_saya_109_ep	37211	%LF内気な女子	%LF內向的女徒子
fd9e2828	yozora_com_404c	727	%LF一般客Ｂ	%LF一般參加者Ｂ
ff18dc7f	yozora_hika_107	17115	%LF少女	%LF少女
